PCDate,PCTime,MERpm,METorque,MEShaftPow,MESFOC_kw,MESFOC_nmile,ShipSpd,ShipSpdToWater,ShipSlip,ShipDraft,ShipHeel,ShipTrim,ShipDraughtBow,ShipDraughtAstern,ShipDraughtMidLft,ShipDraughtMidRgt,WindDir,WindSpd,Latitude,Longitude,windPower
2022/1/1,0:00:03,81.0,812.0,6980.0,180.0837097,77.11560059,16.849,16.3,-1.262476802,6.635,-0.48,3.97,4.65,8.62,5.41,5.89,11.0,23.6,30.53 N,123.17 E,546.727076093011
2022/1/1,0:00:13,81.0,791.0,6822.0,183.5460663,76.8190918,16.849,16.3,-1.262476802,6.79,-0.47,3.06,5.26,8.32,5.14,5.61,16.0,24.0,30.53 N,123.17 E,553.6867368604717
2022/1/1,0:00:26,82.0,789.0,6751.0,183.5493164,75.55740356,16.849,16.4,-0.641234636,6.9,-0.12,3.1,5.35,8.45,5.16,5.28,15.0,23.5,30.53 N,123.17 E,533.432537568138
2022/1/1,0:00:36,82.0,796.0,6888.0,179.7248688,75.48445129,16.934,16.4,-0.641234636,6.645,-0.58,3.69,4.8,8.49,5.18,5.76,16.0,22.5,30.53 N,123.17 E,486.63873356877394
2022/1/1,0:00:46,81.0,791.0,6801.0,184.8715363,76.66532135,16.951,16.4,-1.883718967,6.69,-0.31,3.8,4.79,8.59,5.11,5.42,16.0,21.5,30.53 N,123.17 E,444.34321894748786
2022/1/1,0:00:58,81.0,790.0,6784.0,183.7062225,75.99165344,16.944000000000006,16.4,-1.883718967,6.715,0.02,3.55,4.94,8.49,5.25,5.23,18.0,21.2,30.53 N,123.17 E,427.4428406836939
2022/1/1,0:01:09,81.0,790.0,6796.0,183.3194885,75.96580505,16.937,16.4,-1.883718967,6.77,-0.17,3.36,5.09,8.45,5.27,5.44,5.0,21.4,30.53 N,123.17 E,456.2173239380957
2022/1/1,0:01:19,81.0,773.0,6617.0,187.2290039,76.00578308,16.937,16.3,-1.262476802,6.68,0.07,3.38,4.99,8.37,5.45,5.38,2.0,22.9,30.53 N,123.17 E,524.090543597084
2022/1/1,0:01:31,82.0,774.0,6654.0,185.2213898,75.61123657,16.937,16.3,-1.262476802,6.81,-0.31,3.3,5.16,8.46,5.26,5.57,1.0,23.3,30.53 N,123.17 E,542.8073152234532
2022/1/1,0:01:41,82.0,768.0,6549.0,187.5076447,74.87728882,16.937,16.4,-0.641234636,7.015,-0.06,2.79,5.62,8.41,5.24,5.3,7.0,23.6,30.53 N,123.17 E,552.8085046181508
2022/1/1,0:01:51,82.0,783.0,6789.0,185.9279938,75.36885834,16.937,16.4,-1.883718967,6.57,-0.57,3.8,4.67,8.47,5.1,5.67,5.0,23.4,30.53 N,123.17 E,545.4763688871161
2022/1/1,0:02:01,82.0,782.0,6733.0,182.0215607,74.72872925,16.937,16.4,-0.641234636,6.585,-0.29,3.99,4.59,8.58,5.04,5.33,16.0,22.8,30.53 N,123.17 E,499.7022800165757
2022/1/1,0:02:13,81.0,786.0,6708.0,183.8456726,75.19736481,16.944000000000006,16.4,-1.883718967,6.715,-0.71,3.59,4.92,8.51,5.16,5.87,19.0,24.7,30.54 N,123.17 E,576.8514277873871
2022/1/1,0:02:24,81.0,793.0,6773.0,184.0171661,75.99684906,16.944000000000006,16.4,-1.883718967,6.825,-0.46,3.15,5.25,8.4,4.98,5.44,16.0,25.1,30.54 N,123.17 E,605.6044810581003
2022/1/1,0:02:34,82.0,792.0,6809.0,181.3034363,75.27409363,16.894000000000002,16.4,-0.641234636,6.695,0.28,3.69,4.85,8.54,5.44,5.16,18.0,24.9,30.54 N,123.17 E,589.6645506681581
2022/1/1,0:02:46,82.0,791.0,6795.0,183.8263092,76.16461945,16.894000000000002,16.4,-0.641234636,6.64,-0.34,3.5,4.89,8.39,5.06,5.4,18.0,24.6,30.54 N,123.17 E,575.5413614011752
2022/1/1,0:02:56,82.0,793.0,6797.0,182.5667572,75.66501617,16.928,16.4,-1.883718967,6.815,-0.27,3.23,4.88,8.42,5.22,5.43,21.0,25.0,30.54 N,123.17 E,583.4877665607511
2022/1/1,0:03:06,82.0,799.0,6865.0,181.3742523,75.92282104,16.925,16.4,-0.641234636,6.65,-0.51,3.56,4.87,8.43,5.18,5.69,15.0,26.1,30.54 N,123.17 E,657.9983321263762
2022/1/1,0:03:18,82.0,789.0,6815.0,182.0945282,75.66915894,16.908,16.4,-0.641234636,6.81,-0.34,3.04,5.29,8.33,4.95,5.29,15.0,24.4,30.54 N,123.17 E,575.0735999394598
2022/1/1,0:03:28,81.0,820.0,7002.0,180.4027252,77.02316284,16.908,16.4,-1.883718967,6.59,-0.79,3.8,4.69,8.49,4.75,5.54,16.0,24.2,30.54 N,123.17 E,562.953299609317
2022/1/1,0:03:39,82.0,821.0,7027.0,183.4444885,78.60149384,16.908,16.4,-0.641234636,6.68,-0.4,3.54,4.91,8.45,5.19,5.59,15.0,23.2,30.54 N,123.17 E,519.8999167418282
2022/1/1,0:03:49,81.0,810.0,6965.0,181.54194640000003,77.09998322,16.908,16.4,-1.883718967,6.715,-0.71,3.65,4.89,8.54,4.91,5.62,16.0,23.4,30.54 N,123.17 E,526.3484542279858
2022/1/1,0:04:01,81.0,798.0,6867.0,181.1123505,75.83527374,16.908,16.4,-1.883718967,6.635,-0.45,3.59,4.84,8.43,5.19,5.64,16.0,22.6,30.54 N,123.17 E,490.9740238174558
2022/1/1,0:04:11,82.0,829.0,7060.0,181.1735382,77.99300385,16.908,16.4,-1.883718967,6.735,-0.1,3.47,5.0,8.47,5.27,5.37,15.0,23.0,30.54 N,123.17 E,510.9747621069171
2022/1/1,0:04:21,82.0,833.0,7140.0,182.6886444,79.05435944,16.908,16.5,-1.254900694,6.635,0.29,3.63,4.82,8.45,5.37,5.08,19.0,23.3,30.54 N,123.17 E,513.3125795071131
2022/1/1,0:04:33,82.0,786.0,6744.0,185.8178406,76.41191864,16.908,16.4,-0.641234636,6.35,-0.4,4.6,4.05,8.65,5.3,5.7,18.0,21.8,30.54 N,123.17 E,451.9800988041088
2022/1/1,0:04:43,82.0,818.0,6973.0,180.2500763,76.17477417,17.014,16.5,-1.254900694,6.62,-0.66,3.76,4.74,8.5,5.21,5.87,14.0,20.9,30.54 N,123.17 E,423.834876194618
2022/1/1,0:04:53,81.0,796.0,6849.0,183.7403564,76.26895142,17.014,16.5,-2.5049612519999997,6.585,-0.52,3.77,4.7,8.47,4.83,5.35,11.0,21.7,30.54 N,123.17 E,462.2384244136705
2022/1/1,0:05:06,82.0,817.0,7041.0,177.43817140000004,75.71770477,17.079,16.5,-1.254900694,6.635,-0.08,3.41,4.93,8.34,5.27,5.35,8.0,24.5,30.54 N,123.17 E,594.4084082621276
2022/1/1,0:05:16,82.0,804.0,6872.0,183.8929443,76.58862305,17.099,16.5,-1.254900694,6.905,0.18,3.05,5.38,8.43,5.38,5.2,11.0,25.0,30.54 N,123.17 E,613.51698965479
2022/1/1,0:05:26,82.0,797.0,6821.0,186.33630369999997,77.03029633,17.124000000000002,16.5,-1.254900694,6.645,-0.34,3.69,4.8,8.49,5.28,5.62,11.0,25.9,30.55 N,123.17 E,658.4853309285273
2022/1/1,0:05:38,81.0,806.0,6913.0,184.693985,77.85301971,17.158,16.4,-1.883718967,6.96,-0.73,2.94,5.49,8.43,4.71,5.44,9.0,26.2,30.55 N,123.17 E,677.9887845181262
2022/1/1,0:05:48,82.0,802.0,6859.0,185.435791,77.55512238,17.158,16.4,-1.883718967,6.62,-0.84,3.9,5.26,8.34,5.08,5.52,12.0,23.6,30.55 N,123.17 E,544.7890877047005
2022/1/1,0:05:58,81.0,781.0,6695.0,184.7049866,75.40242767,17.171,16.4,-1.883718967,6.615,-0.37,3.47,4.88,8.35,5.01,5.38,9.0,23.4,30.55 N,123.17 E,540.8186277762736
2022/1/1,0:06:08,82.0,792.0,6811.0,180.7597504,74.61543274,17.171,16.5,-1.254900694,6.685,-0.83,3.33,5.02,8.35,4.98,5.81,9.0,25.2,30.55 N,123.17 E,627.2216038115363
2022/1/1,0:06:20,82.0,800.0,6888.0,181.0299835,76.03259277,17.171,16.4,-0.641234636,6.65,-0.32,3.54,4.88,8.42,5.03,5.35,16.0,25.4,30.55 N,123.17 E,620.1675957515657
2022/1/1,0:06:31,81.0,785.0,6673.0,187.6384125,76.34823608,17.171,16.4,-1.883718967,6.84,-0.44,3.14,5.27,8.41,4.88,5.32,16.0,26.0,30.55 N,123.17 E,649.8129064543036
2022/1/1,0:06:41,82.0,782.0,6663.0,188.3554688,76.52514648,17.171,16.4,-0.641234636,6.45,-0.01,4.2,4.35,8.55,5.39,5.4,18.0,25.8,30.55 N,123.17 E,633.0612595067058
2022/1/1,0:06:53,81.0,782.0,6711.0,186.3149414,76.24143982,17.171,16.4,-1.883718967,6.855,-0.26,3.23,5.24,8.47,5.35,5.61,7.0,25.1,30.55 N,123.17 E,625.3140009955492
2022/1/1,0:07:03,82.0,793.0,6797.0,184.3508301,76.40442657,17.131,16.4,-0.641234636,6.595,-0.86,4.03,4.58,8.61,4.8,5.66,11.0,25.8,30.55 N,123.17 E,653.410318390103
2022/1/1,0:07:13,82.0,784.0,6777.0,183.71490480000003,75.91682434,17.152,16.4,-0.641234636,6.805,-0.37,3.49,5.06,8.55,4.92,5.29,9.0,25.5,30.55 N,123.17 E,642.2443434719884
2022/1/1,0:07:25,81.0,790.0,6778.0,183.4716187,75.82748413,17.152,16.4,-1.883718967,6.675,-0.1,3.51,4.92,8.43,4.96,5.06,11.0,25.4,30.55 N,123.17 E,633.3065936730949
2022/1/1,0:07:35,83.0,789.0,6718.0,187.0675812,76.62926483,17.104,16.4,0.571310341,6.725,-0.45,3.49,4.98,8.47,4.92,5.37,14.0,24.5,30.55 N,123.17 E,582.4200096971667
2022/1/1,0:07:46,82.0,804.0,6901.0,182.0508881,77.07565308,17.104,16.3,-0.027568584,6.715,-0.22,3.33,5.05,8.38,5.26,5.48,12.0,23.9,30.55 N,123.17 E,558.7276910151571
2022/1/1,0:07:56,82.0,803.0,6890.0,184.9963684,78.19785309,17.142,16.3,-0.027568584,6.6,-0.4,3.62,4.79,8.41,5.14,5.54,9.0,23.6,30.55 N,123.17 E,550.1028981778679
2022/1/1,0:08:08,82.0,787.0,6765.0,183.7338409,76.25518036,17.144000000000002,16.3,-1.262476802,6.555,-0.47,3.89,4.61,8.5,5.2,5.67,11.0,23.0,30.55 N,123.17 E,519.2807800438143
2022/1/1,0:08:18,82.0,782.0,6658.0,184.8833313,75.51860046,17.144000000000002,16.3,-0.027568584,6.93,-0.25,2.84,5.51,8.35,5.05,5.3,16.0,23.0,30.55 N,123.17 E,508.5074371513707
2022/1/1,0:08:28,81.0,808.0,6902.0,180.927948,76.14418793,17.144000000000002,16.4,-1.883718967,6.625,-0.25,3.79,4.73,8.52,5.11,5.36,16.0,24.6,30.55 N,123.17 E,581.7171279140331
2022/1/1,0:08:40,82.0,819.0,7008.0,183.4823761,78.40515137,17.144000000000002,16.4,-0.641234636,6.83,-0.17,3.16,5.25,8.41,5.26,5.43,18.0,22.8,30.55 N,123.17 E,494.3972194308727
2022/1/1,0:08:50,82.0,816.0,7037.0,181.3245697,77.80371857,17.144000000000002,16.4,-0.641234636,6.645,-0.17,3.77,4.76,8.53,5.29,5.46,14.0,25.2,30.55 N,123.17 E,616.1765980143088
2022/1/1,0:09:01,81.0,803.0,6918.0,180.4119415,76.1030426,17.191,16.4,-1.883718967,6.685,-0.45,3.67,4.85,8.52,4.87,5.32,12.0,26.7,30.56 N,123.17 E,697.3116430871228
2022/1/1,0:09:13,82.0,805.0,6968.0,179.64750669999995,76.32827759,17.191,16.4,-0.641234636,6.9,-0.38,3.12,5.34,8.46,5.17,5.55,8.0,25.2,30.56 N,123.17 E,628.8598343736468
2022/1/1,0:09:23,81.0,795.0,6804.0,184.1436615,76.39716339,17.226,16.4,-1.883718967,6.965,-0.31,2.87,5.53,8.4,5.4,5.71,11.0,23.9,30.56 N,123.17 E,560.71526345714
2022/1/1,0:09:33,82.0,786.0,6779.0,182.42163090000005,75.40464783,17.226,16.4,-0.641234636,6.725,-0.47,3.61,4.92,8.53,4.94,5.41,8.0,23.7,30.56 N,123.17 E,556.2236715314526
2022/1/1,0:09:43,81.0,801.0,6831.0,182.0766602,76.30464172,17.23,16.3,-1.262476802,6.79,0.01,3.36,5.11,8.47,5.56,5.55,4.0,22.3,30.56 N,123.17 E,496.078626553708
2022/1/1,0:09:55,82.0,770.0,6612.0,185.6090851,75.29124451,17.267,16.3,-0.027568584,6.915,-0.25,3.07,5.38,8.45,5.18,5.43,0.0,24.5,30.56 N,123.17 E,600.25
2022/1/1,0:10:05,82.0,779.0,6652.0,182.6763763,74.54988861,17.267,16.3,-0.027568584,6.805,-0.3,2.97,5.32,8.29,5.16,5.46,0.0,24.8,30.56 N,123.17 E,615.0400000000002
2022/1/1,0:10:15,81.0,768.0,6608.0,181.8627777,73.27739716,17.267,16.4,-1.883718967,7.01,-0.53,2.9,5.56,8.46,5.0,5.53,355.0,23.9,30.56 N,123.17 E,569.0363734969859
2022/1/1,0:10:27,81.0,786.0,6712.0,182.2052765,74.11889648,17.267,16.5,-2.5049612519999997,6.57,-0.79,3.8,4.67,8.47,4.72,5.51,0.0,24.0,30.56 N,123.17 E,576.0
2022/1/1,0:10:38,82.0,771.0,6626.0,183.1411133,73.54503632,17.267,16.5,-1.254900694,6.87,-0.34,3.02,5.36,8.38,5.0,5.34,1.0,25.3,30.56 N,123.17 E,639.9925111926545
2022/1/1,0:10:48,81.0,784.0,6690.0,181.8027039,74.16220093,17.267,16.4,-1.883718967,6.625,-0.59,3.41,4.92,8.33,4.87,5.46,4.0,24.1,30.56 N,123.17 E,579.3951760314086
2022/1/1,0:11:00,81.0,763.0,6521.0,188.7520447,75.05195618,17.21,16.4,-1.883718967,6.84,-0.68,3.02,5.33,8.35,4.89,5.57,2.0,24.4,30.56 N,123.17 E,594.9973227740887
2022/1/1,0:11:10,82.0,776.0,6666.0,180.3427582,73.75244141,17.211,16.3,-1.262476802,6.605,-0.84,3.75,5.29,8.39,5.35,5.31,5.0,23.6,30.56 N,123.17 E,554.8405990491786
2022/1/1,0:11:20,82.0,780.0,6673.0,182.1540222,74.57139587,17.215999999999998,16.3,-0.027568584,6.685,-0.43,3.47,4.92,8.53,5.22,5.53,8.0,23.0,30.56 N,123.17 E,523.8518083642907
2022/1/1,0:11:32,82.0,785.0,6750.0,182.2199554,75.45919037,17.215999999999998,16.3,-0.027568584,6.76,-0.31,3.24,5.14,8.38,5.15,5.46,8.0,21.7,30.56 N,123.17 E,466.3073308897181
2022/1/1,0:11:42,82.0,782.0,6732.0,183.57754519999995,75.81864929,17.215999999999998,16.3,-0.027568584,6.71,-0.49,3.5,4.96,8.46,5.2,5.69,8.0,20.7,30.56 N,123.17 E,424.31996477507545
2022/1/1,0:11:52,82.0,767.0,6563.0,185.0740356,74.51784515,17.215999999999998,16.3,-0.027568584,6.875,-0.32,2.93,5.41,8.34,5.21,5.53,4.0,21.0,30.56 N,123.17 E,439.9257461645825
2022/1/1,0:12:03,82.0,770.0,6568.0,187.4641113,75.53768921,17.215999999999998,16.3,-0.027568584,6.98,-0.18,2.8,5.58,8.38,5.25,5.43,7.0,22.8,30.56 N,123.17 E,515.9651914692248
2022/1/1,0:12:15,81.0,786.0,6764.0,182.2858276,75.64302826,17.213,16.3,-1.262476802,6.59,-0.42,3.84,4.67,8.51,4.99,5.41,8.0,23.7,30.56 N,123.17 E,556.2236715314526
2022/1/1,0:12:25,82.0,788.0,6753.0,184.0762787,76.26178741,17.213,16.3,-1.262476802,6.77,-0.39,3.34,5.1,8.44,5.3,5.69,9.0,22.1,30.56 N,123.17 E,482.3968624300714
2022/1/1,0:12:35,82.0,775.0,6586.0,188.2057648,76.04436493,17.213,16.3,-1.262476802,6.71,-0.38,3.58,4.92,8.5,5.37,5.75,9.0,23.0,30.56 N,123.17 E,522.4871321748279
2022/1/1,0:12:47,81.0,777.0,6680.0,184.0522308,75.42753601,17.213,16.3,-1.262476802,6.6,-0.58,3.76,4.72,8.48,5.21,5.79,9.0,23.8,30.56 N,123.17 E,559.4661836467099
2022/1/1,0:12:57,82.0,782.0,6698.0,183.9333344,75.49118042,17.275,16.4,-1.883718967,6.96,-0.49,3.04,5.44,8.48,5.12,5.61,9.0,24.5,30.57 N,123.17 E,592.8599264422313
2022/1/1,0:13:07,81.0,770.0,6620.0,187.1416779,75.54133606,17.275,16.4,-1.883718967,6.61,-0.54,3.36,4.93,8.29,5.07,5.61,5.0,24.4,30.57 N,123.17 E,593.0944754559015
2022/1/1,0:13:20,81.0,782.0,6722.0,183.9744568,75.40708923,17.28,16.4,-1.883718967,6.83,-0.65,3.24,5.21,8.45,4.9,5.55,4.0,25.0,30.57 N,123.17 E,623.4775314123901
2022/1/1,0:13:30,81.0,779.0,6705.0,184.7008972,75.51338959,17.28,16.4,-1.883718967,6.755,-0.22,3.47,5.02,8.49,5.25,5.47,8.0,24.3,30.57 N,123.17 E,584.7433919112099
2022/1/1,0:13:40,81.0,786.0,6765.0,182.2059326,75.15995026,17.293,16.4,-1.883718967,6.685,-0.96,3.63,4.87,8.5,4.78,5.74,19.0,23.6,30.57 N,123.17 E,526.6160258657956
2022/1/1,0:13:50,81.0,779.0,6724.0,181.7465973,74.51610565,17.293,16.4,-1.883718967,6.63,-0.61,3.62,4.82,8.44,4.98,5.59,16.0,23.2,30.57 N,123.17 E,517.3894952218408
2022/1/1,0:14:02,81.0,783.0,6672.0,187.2701721,76.1869812,17.293,16.4,-0.641234636,6.815,-0.33,3.07,5.23,8.39,4.84,5.68,9.0,23.7,30.57 N,123.17 E,554.7746640288829
2022/1/1,0:14:12,81.0,786.0,6732.0,183.7145538,75.4125824,17.294,16.4,-1.883718967,6.65,-0.51,3.5,4.9,8.4,5.2,5.71,5.0,24.0,30.57 N,123.17 E,573.8081461008453
2022/1/1,0:14:23,81.0,783.0,6724.0,183.6342773,75.29005432,17.294,16.4,-1.883718967,6.92,-0.12,2.88,5.48,8.36,5.28,5.4,8.0,25.5,30.57 N,123.17 E,643.9218116992063
2022/1/1,0:14:35,82.0,777.0,6641.0,184.9019775,74.87403107,17.305,16.4,-0.641234636,6.69,-0.55,3.8,4.79,8.59,5.01,5.56,5.0,22.9,30.57 N,123.18 E,522.4144616262922
2022/1/1,0:14:45,81.0,781.0,6717.0,180.03297419999996,73.73667908,17.309,16.4,-0.641234636,6.72,-0.3,3.64,5.46,8.45,4.87,5.54,8.0,22.5,30.57 N,123.18 E,501.32320980042
2022/1/1,0:14:55,82.0,772.0,6581.0,185.3194122,74.36506653,17.309,16.4,-0.641234636,6.64,-0.29,3.82,4.73,8.55,5.02,5.31,11.0,22.7,30.57 N,123.18 E,505.82267135874673
2022/1/1,0:15:07,82.0,775.0,6645.0,183.2099152,74.37876129,17.283,16.4,-1.883718967,6.57,-0.3,3.8,4.67,8.47,5.15,5.45,15.0,23.8,30.57 N,123.18 E,547.1390250431798
2022/1/1,0:15:17,81.0,770.0,6589.0,182.3026428,74.77742767,17.287,16.4,-0.641234636,6.785,-0.55,3.31,5.24,8.33,5.34,5.6,14.0,25.1,30.57 N,123.18 E,611.2960105111406
2022/1/1,0:15:27,82.0,787.0,6765.0,181.570816,74.89795685,17.298,16.4,-0.641234636,6.82,-0.61,3.24,5.2,8.44,5.17,5.78,16.0,23.8,30.57 N,123.18 E,544.4970750473015
2022/1/1,0:15:37,82.0,775.0,6609.0,186.2049103,75.03830719,17.276,16.4,-0.641234636,6.745,-1.08,3.73,4.88,8.61,4.63,5.71,15.0,24.7,30.57 N,123.18 E,589.3016873606978
2022/1/1,0:15:49,81.0,780.0,6699.0,182.3062286,74.46764374,17.272000000000002,16.4,-1.883718967,6.575,0.03,3.61,4.77,8.38,5.44,5.41,9.0,24.2,30.57 N,123.18 E,578.4297997861364
2022/1/1,0:16:00,82.0,779.0,6701.0,183.3207397,74.90440369,17.29,16.4,-0.641234636,6.885,-0.34,2.93,5.42,8.35,5.21,5.55,5.0,25.3,30.57 N,123.18 E,637.6542643015455
2022/1/1,0:16:10,81.0,788.0,6780.0,182.35495,75.85070801,17.202,16.3,-1.262476802,6.795,0.12,3.25,5.17,8.42,5.32,5.2,7.0,27.3,30.57 N,123.18 E,739.7347213567608
2022/1/1,0:16:22,82.0,787.0,6742.0,183.9382629,76.08048248,17.202,16.3,-1.262476802,6.645,-0.6,3.69,4.8,8.45,5.25,5.48,12.0,26.3,30.57 N,123.18 E,676.5749139515661
2022/1/1,0:16:32,81.0,786.0,6747.0,182.2750549,75.44845581,17.202,16.3,-1.262476802,6.665,-0.15,3.75,4.79,8.54,5.21,5.36,14.0,25.9,30.57 N,123.18 E,650.8840761432011
2022/1/1,0:16:42,81.0,793.0,6828.0,182.1001587,76.28097534,17.202,16.3,-1.262476802,6.685,-0.56,3.59,4.89,8.48,4.95,5.51,18.0,26.0,30.57 N,123.18 E,642.9142050155237
2022/1/1,0:16:54,81.0,793.0,6813.0,183.2530518,76.59527588,17.202,16.3,-1.262476802,6.635,-0.49,3.51,4.88,8.39,5.12,5.61,23.0,24.6,30.57 N,123.18 E,557.0527171152788
2022/1/1,0:17:04,82.0,801.0,6900.0,183.430954,77.64868927,17.202,16.3,-0.027568584,6.97,-0.18,2.92,5.51,8.43,5.15,5.33,12.0,24.8,30.57 N,123.18 E,601.5999003553201
2022/1/1,0:17:15,82.0,797.0,6867.0,179.5549622,75.1831665,17.202,16.4,-0.641234636,6.7,-0.08,3.58,4.91,8.49,5.33,5.41,9.0,24.7,30.57 N,123.18 E,602.5787797136875
2022/1/1,0:17:27,81.0,783.0,6711.0,184.7441101,75.59864044,17.207,16.4,-1.883718967,6.95,-0.42,3.0,5.45,8.45,5.03,5.45,7.0,25.9,30.58 N,123.18 E,665.8098839825151
2022/1/1,0:17:37,81.0,785.0,6773.0,184.6703186,76.73448181,17.207,16.3,-1.262476802,6.42,-0.33,4.14,4.35,8.49,5.26,5.59,8.0,26.8,30.58 N,123.18 E,711.2501376929456
2022/1/1,0:17:47,81.0,797.0,6830.0,182.0092468,76.26522827,17.191,16.3,-0.027568584,6.625,-0.49,3.65,4.8,8.45,5.14,5.63,9.0,26.2,30.58 N,123.18 E,677.9887845181262
2022/1/1,0:17:57,82.0,779.0,6631.0,187.15553280000003,76.13670349,17.217,16.3,-0.027568584,6.715,-0.58,3.49,4.83,8.4,5.08,5.59,11.0,25.3,30.58 N,123.18 E,628.3297438530152
2022/1/1,0:18:09,81.0,792.0,6789.0,183.9715881,76.15750885,17.225,16.4,-1.883718967,6.61,-0.09,3.68,4.77,8.45,5.27,5.36,21.0,23.9,30.58 N,123.18 E,533.2704754194665
2022/1/1,0:18:19,82.0,759.0,6530.0,183.9633942,73.24884033,17.225,16.4,-0.641234636,6.825,-0.22,3.09,5.28,8.37,5.17,5.39,28.0,24.8,30.58 N,123.18 E,543.0480875119547
2022/1/1,0:18:29,82.0,749.0,6417.0,182.2947845,71.32839203,17.225,16.4,-0.641234636,6.575,-0.55,3.63,4.76,8.39,5.08,5.63,28.0,26.8,30.58 N,123.18 E,634.1682790949957
2022/1/1,0:18:42,82.0,757.0,6446.0,184.3990021,72.47780609,17.218,16.4,-0.641234636,6.46,-0.51,3.96,4.48,8.44,5.02,5.53,23.0,24.1,30.58 N,123.18 E,534.6384239337118
2022/1/1,0:18:52,81.0,767.0,6592.0,183.4204559,73.72607422,17.218,16.4,-1.883718967,6.885,-0.26,3.11,5.33,8.44,5.19,5.45,15.0,24.0,30.58 N,123.18 E,556.3732759425034
2022/1/1,0:19:02,81.0,762.0,6512.0,185.1100464,73.86341858,17.218,16.4,-0.641234636,6.62,-0.53,3.84,4.7,8.54,5.07,5.6,15.0,24.0,30.58 N,123.18 E,556.3732759425034
2022/1/1,0:19:14,82.0,770.0,6593.0,183.4975281,73.76824188,17.218,16.4,-0.641234636,6.89,-0.64,3.24,5.27,8.51,5.11,5.75,8.0,24.6,30.58 N,123.18 E,599.2706244796487
2022/1/1,0:19:24,82.0,775.0,6608.0,184.9350433,74.51528931,17.218,16.4,-0.641234636,6.76,-0.8,3.42,5.05,8.47,4.79,5.59,9.0,24.3,30.58 N,123.18 E,583.2200882380229
2022/1/1,0:19:34,82.0,771.0,6551.0,186.5821838,74.53048706,17.033,16.4,-0.641234636,6.915,-0.53,2.97,5.43,8.4,5.12,5.65,11.0,22.7,30.58 N,123.18 E,505.82267135874673
2022/1/1,0:19:44,81.0,769.0,6562.0,188.2224121,75.31192017,17.086,16.4,-1.883718967,6.715,-0.53,3.39,5.02,8.41,4.84,5.37,11.0,22.5,30.58 N,123.18 E,496.94876162037986
2022/1/1,0:19:56,81.0,775.0,6660.0,184.3834381,74.87766266,17.086,16.4,-1.883718967,6.8,-0.33,3.14,5.23,8.37,5.19,5.52,12.0,23.3,30.58 N,123.18 E,531.0265509623757
2022/1/1,0:20:07,81.0,774.0,6616.0,186.6683655,75.30474854,17.083,16.4,-1.883718967,6.8,-0.3,3.2,5.2,8.4,5.27,5.57,15.0,26.1,30.59 N,123.18 E,657.9983321263762
2022/1/1,0:20:17,81.0,771.0,6620.0,184.9269104,74.64733124,17.078,16.4,-1.883718967,6.655,-0.22,3.69,4.81,8.5,5.19,5.41,15.0,25.8,30.59 N,123.18 E,642.9588670110554
2022/1/1,0:20:29,82.0,751.0,6449.0,187.2873535,73.64732361,17.025,16.4,-0.641234636,7.015,-0.62,2.87,5.58,8.45,5.13,5.75,19.0,24.6,30.59 N,123.18 E,572.1900212096826
2022/1/1,0:20:39,81.0,762.0,6526.0,187.5512848,73.4309082,17.012999999999998,16.4,-0.641234636,6.84,-0.89,3.24,5.22,8.46,5.08,5.97,14.0,23.6,30.59 N,123.18 E,540.415907706679
2022/1/1,0:20:49,82.0,774.0,6622.0,185.8960571,75.06119537,17.012999999999998,16.4,-0.641234636,6.695,-0.44,3.41,4.99,8.4,5.03,5.47,21.0,22.7,30.59 N,123.18 E,481.0646579697431
2022/1/1,0:21:01,82.0,786.0,6783.0,182.9187164,75.65473938,16.945999999999998,16.4,-0.641234636,6.875,-0.5,3.07,5.34,8.41,5.05,5.55,12.0,23.3,30.59 N,123.18 E,531.0265509623757
2022/1/1,0:21:11,82.0,752.0,6387.0,190.5612183,74.21430206,16.945999999999998,16.4,-0.641234636,6.545,-0.5,4.05,4.52,8.57,5.05,5.55,11.0,21.8,30.59 N,123.18 E,466.50850266166776
2022/1/1,0:21:21,82.0,780.0,6743.0,182.6734161,75.10773468,16.971,16.4,-0.641234636,7.12,-0.8,2.56,5.84,8.4,4.93,5.73,7.0,21.5,30.59 N,123.18 E,458.8044585962011
2022/1/1,0:21:32,81.0,784.0,6744.0,182.8560638,75.19397736,16.971,16.4,-1.883718967,6.67,-0.26,3.36,4.99,8.35,5.58,5.84,19.0,22.6,30.59 N,123.18 E,482.93306767310713
2022/1/1,0:21:44,82.0,778.0,6689.0,182.6764832,74.96459961,16.971,16.3,-0.027568584,6.95,-0.66,2.9,5.5,8.4,5.04,5.7,15.0,25.0,30.59 N,123.18 E,603.7036414306677
2022/1/1,0:21:54,81.0,791.0,6817.0,182.9768677,76.52474213,16.877,16.3,-0.027568584,6.745,-0.23,3.37,5.12,8.3,5.07,5.41,19.0,25.1,30.59 N,123.18 E,595.6861578133257
2022/1/1,0:22:04,82.0,794.0,6836.0,183.3709106,76.90328217,16.877,16.3,-0.027568584,6.9,-0.63,2.9,5.45,8.35,5.07,5.7,26.0,24.0,30.59 N,123.18 E,517.7053706683203
2022/1/1,0:22:16,82.0,780.0,6669.0,183.5795593,75.10994720000002,16.906,16.3,-0.027568584,6.58,-0.16,3.66,4.89,8.38,4.92,5.67,22.0,23.8,30.59 N,123.18 E,525.1940225808112
2022/1/1,0:22:26,82.0,758.0,6500.0,185.5961304,74.01072693,16.906,16.3,-0.027568584,6.69,-0.73,3.48,4.95,8.43,4.95,5.68,21.0,23.5,30.59 N,123.18 E,515.5697905330796
2022/1/1,0:22:36,82.0,768.0,6544.0,185.0811768,73.85190582,16.898,16.4,-0.641234636,6.965,0.1,2.93,5.5,8.43,5.39,5.29,22.0,22.2,30.59 N,123.18 E,456.9532908846955
2022/1/1,0:22:48,81.0,781.0,6691.0,185.3761597,76.09520721,16.898,16.3,-1.262476802,6.64,-0.31,3.28,5.0,8.28,5.17,5.48,23.0,24.8,30.59 N,123.18 E,566.147305067389
2022/1/1,0:22:59,81.0,783.0,6791.0,177.9840393,74.15273285,16.84,16.3,-1.262476802,6.97,-0.52,3.0,5.47,8.47,4.97,5.49,23.0,23.9,30.59 N,123.18 E,525.8015773405684
2022/1/1,0:23:09,81.0,778.0,6646.0,185.2105408,75.51590729,16.84,16.3,-1.262476802,6.875,-0.32,3.15,5.3,8.45,5.31,5.63,23.0,22.9,30.59 N,123.18 E,482.7219501989943
2022/1/1,0:23:21,81.0,784.0,6691.0,184.4695892,75.72306824,16.84,16.3,-1.262476802,6.805,-0.21,3.19,5.21,8.4,5.04,5.25,32.0,23.3,30.59 N,123.18 E,460.39683092236214
2022/1/1,0:23:31,82.0,784.0,6740.0,182.746933,75.56529999,16.84,16.3,-1.262476802,6.795,-0.42,3.19,5.2,8.39,5.26,5.68,21.0,23.7,30.59 N,123.18 E,524.3827897592132
2022/1/1,0:23:41,81.0,788.0,6760.0,185.4353638,76.90448761,16.84,16.3,-1.262476802,6.775,-0.01,3.21,5.17,8.38,5.29,5.3,15.0,25.6,30.59 N,123.18 E,633.029149516804
2022/1/1,0:23:51,81.0,788.0,6781.0,183.6833801,75.94860077,16.84,16.4,-0.641234636,6.61,-0.69,3.76,4.73,8.49,4.98,5.67,15.0,26.8,30.59 N,123.18 E,693.7665654738603
2022/1/1,0:24:03,82.0,790.0,6816.0,183.51022340000003,76.26863861,16.84,16.4,-0.641234636,6.565,-0.54,4.21,4.46,8.67,5.05,5.59,14.0,24.9,30.59 N,123.18 E,601.5930532483803
2022/1/1,0:24:13,81.0,794.0,6807.0,184.3533783,76.51789093,16.84,16.4,-1.883718967,6.625,-0.3,3.55,4.85,8.4,5.3,5.6,18.0,24.6,30.59 N,123.18 E,575.5413614011752
2022/1/1,0:24:23,82.0,738.0,6364.0,187.3928375,73.16368103,16.84,16.3,-0.027568584,6.69,-0.22,3.24,5.07,8.31,5.28,5.5,21.0,25.8,30.59 N,123.18 E,621.4284750935974
2022/1/1,0:24:36,82.0,684.0,5841.0,186.2870789,66.75476837,16.84,16.3,-0.027568584,6.235,-0.73,4.39,4.04,8.43,5.06,5.79,23.0,25.1,30.59 N,123.18 E,579.9272627235722
2022/1/1,0:24:46,81.0,676.0,5784.0,185.1681519,65.7062912,16.84,16.3,-1.262476802,6.535,-0.67,3.45,4.81,8.26,4.91,5.58,26.0,24.1,30.59 N,123.18 E,522.0285700310193
2022/1/1,0:24:56,81.0,691.0,5964.0,177.7527924,65.84581757,16.84,16.1,1.199763536,6.635,-0.75,3.15,5.13,8.09,5.14,5.84,28.0,23.9,30.59 N,123.18 E,504.34849451694765
2022/1/1,0:25:08,81.0,721.0,6179.0,182.7080841,68.94946289,16.84,16.0,0.601249754,6.515,-0.75,3.69,4.67,8.36,4.98,5.73,30.0,22.5,30.59 N,123.18 E,438.4253606658721
2022/1/1,0:25:18,81.0,749.0,6380.0,182.1106415,73.53581238,16.84,15.8,1.843734145,6.955,-0.02,2.81,5.55,8.36,5.24,5.26,29.0,20.8,30.59 N,123.18 E,378.3954700967882
2022/1/1,0:25:28,81.0,769.0,6550.0,180.8938293,74.99079895,16.84,15.8,1.843734145,6.26,-0.7,4.06,4.23,8.29,5.07,5.77,21.0,19.3,30.59 N,123.18 E,347.7493730659427
2022/1/1,0:25:38,81.0,792.0,6765.0,183.5469666,79.08886719,16.84,15.7,2.464976311,6.865,-0.32,2.91,5.41,8.32,5.18,5.5,40.0,19.1,30.59 N,123.18 E,279.46067329423437
2022/1/1,0:25:51,82.0,792.0,6780.0,183.4769135,79.23397827,16.84,15.7,3.654427767,6.6,-0.74,3.46,4.87,8.33,5.0,5.74,25.0,19.9,30.59 N,123.18 E,358.9069467443837
2022/1/1,0:26:01,81.0,762.0,6518.0,185.79420469999997,76.64598846,16.84,15.8,1.843734145,6.665,-0.62,3.49,4.92,8.41,4.97,5.59,23.0,20.4,30.59 N,123.18 E,383.0772998127675
2022/1/1,0:26:11,81.0,755.0,6453.0,184.3170166,75.27833557,16.84,15.8,1.843734145,6.625,0.11,3.63,4.92,8.36,4.86,5.74,23.0,19.7,30.59 N,123.18 E,357.23872857635763
2022/1/1,0:26:23,81.0,795.0,6759.0,182.7670288,78.18495941,16.84,15.8,1.843734145,6.315,-0.28,4.03,4.3,8.33,5.32,5.6,29.0,21.6,30.59 N,123.18 E,408.06257056295647
2022/1/1,0:26:33,81.0,812.0,6967.0,181.8948822,79.20384979,16.84,16.0,0.601249754,6.77,-0.71,3.22,5.16,8.38,4.94,5.65,29.0,22.3,30.59 N,123.18 E,434.9396341633502
2022/1/1,0:26:43,82.0,795.0,6838.0,183.4086456,78.87725067,16.84,15.9,2.427095652,6.8,-0.19,3.24,5.18,8.42,5.18,5.37,30.0,21.9,30.59 N,123.18 E,415.3544439090546
2022/1/1,0:26:55,82.0,768.0,6570.0,181.7476959,75.09952545,16.84,15.9,2.427095652,6.585,-0.51,3.55,4.81,8.36,5.23,5.74,32.0,20.6,30.59 N,123.18 E,359.87769008494104
2022/1/1,0:27:05,82.0,774.0,6588.0,184.6114655,76.49184418,16.84,15.9,2.427095652,6.85,-0.71,3.08,5.31,8.39,5.03,5.74,25.0,19.4,30.59 N,123.18 E,341.0979987291136
2022/1/1,0:27:16,81.0,803.0,6908.0,179.57191469999995,77.53017426,16.84,16.0,0.601249754,6.695,-0.43,3.55,4.92,8.47,5.16,5.59,26.0,19.7,30.59 N,123.18 E,348.8129814282437
2022/1/1,0:27:26,81.0,783.0,6684.0,186.0357513,77.71643829,16.84,16.0,0.601249754,6.765,-0.74,3.41,5.06,8.47,4.97,5.71,23.0,19.0,30.59 N,123.18 E,332.30225209633096
2022/1/1,0:27:38,82.0,781.0,6664.0,183.5709991,77.50138092,16.84,16.0,0.601249754,6.61,-0.72,3.68,5.08,8.45,5.18,5.92,23.0,17.8,30.59 N,123.18 E,291.65275776787126
2022/1/1,0:27:48,82.0,792.0,6784.0,184.71885680000003,77.35386658,16.84,16.2,-0.641234636,6.955,-0.58,3.09,5.41,8.5,4.91,5.49,23.0,18.5,30.59 N,123.18 E,315.04278609409766
2022/1/1,0:27:58,81.0,783.0,6722.0,185.8421783,77.11302948,16.84,16.2,-0.641234636,6.6,-0.4,3.78,4.71,8.49,4.88,5.28,25.0,18.5,30.59 N,123.18 E,310.1838401132934
2022/1/1,0:28:10,82.0,800.0,6840.0,185.6385651,78.38072968,16.84,16.2,0.586097479,6.745,-0.74,3.11,5.19,8.3,4.9,5.64,21.0,18.2,30.59 N,123.18 E,309.23918047293307
2022/1/1,0:28:20,81.0,802.0,6922.0,181.5975189,77.59370422,16.84,16.2,-0.641234636,6.49,0.01,3.94,4.52,8.46,5.28,5.27,11.0,19.2,30.59 N,123.18 E,361.8670449061469
2022/1/1,0:28:30,82.0,790.0,6753.0,185.3740387,77.27351379,16.84,16.2,0.586097479,6.905,0.55,2.51,5.65,8.16,5.43,4.88,15.0,20.0,30.59 N,123.18 E,386.3703305156273
2022/1/1,0:28:43,82.0,801.0,6919.0,179.037735,76.46679688,16.84,16.2,0.586097479,6.925,-0.43,2.65,5.6,8.25,5.25,5.68,16.0,22.1,30.59 N,123.18 E,469.4898249132344
2022/1/1,0:28:53,81.0,798.0,6810.0,184.1852264,76.95100403,16.84,16.3,-1.262476802,6.82,0.1,3.16,5.24,8.4,5.19,5.09,11.0,21.4,30.59 N,123.18 E,449.5459849316922
2022/1/1,0:29:03,82.0,801.0,6902.0,183.0034485,77.49017334,16.84,16.3,-0.027568584,6.455,-0.27,4.31,4.3,8.61,5.04,5.31,18.0,21.2,30.59 N,123.18 E,427.4428406836939
2022/1/1,0:29:15,81.0,789.0,6806.0,182.8270721,76.33871459999997,16.84,16.3,-1.262476802,6.845,-0.18,3.37,5.16,8.53,5.23,5.41,12.0,21.6,30.59 N,123.18 E,456.3645445983644
2022/1/1,0:29:25,82.0,794.0,6826.0,181.6696472,76.07834625,16.84,16.3,-0.027568584,6.7,-0.36,3.52,4.94,8.46,5.24,5.6,9.0,23.4,30.59 N,123.18 E,540.8186277762736
2022/1/1,0:29:35,82.0,780.0,6687.0,185.6077728,76.14473724,16.84,16.3,-0.027568584,6.555,-0.03,3.99,4.56,8.55,5.32,5.35,5.0,22.3,30.59 N,123.18 E,495.3976614140442
2022/1/1,0:29:45,82.0,785.0,6716.0,185.442749,75.94106293,16.84,16.4,-0.641234636,6.825,-0.55,3.01,5.32,8.33,5.17,5.72,12.0,22.5,30.59 N,123.18 E,495.1872228714891
2022/1/1,0:29:58,82.0,794.0,6813.0,180.4457245,74.96199799,16.84,16.4,-0.641234636,6.595,-0.42,3.65,4.77,8.42,5.17,5.59,14.0,22.1,30.59 N,123.18 E,473.90213567045953
2022/1/1,0:30:08,82.0,775.0,6623.0,185.5817871,74.94561768,16.84,16.4,-0.641234636,6.54,-0.38,4.02,4.53,8.55,5.1,5.48,15.0,21.1,30.59 N,123.18 E,430.0398371221562
2022/1/1,0:30:18,81.0,775.0,6651.0,184.703949,74.90646362,16.84,16.4,-1.883718967,6.945,-0.1,3.11,5.39,8.5,5.11,5.21,23.0,21.3,30.59 N,123.18 E,417.62384696283766
2022/1/1,0:30:30,82.0,790.0,6853.0,178.6543579,74.65355682,16.84,16.4,-0.641234636,6.19,0.34,4.78,3.8,8.58,5.24,4.9,12.0,19.4,30.59 N,123.18 E,368.1356310121752
2022/1/1,0:30:40,82.0,776.0,6585.0,185.9998474,74.68347168,16.84,16.4,-1.883718967,7.165,0.0,2.19,6.07,8.26,5.31,5.31,19.0,19.4,30.59 N,123.18 E,355.8553711125588
2022/1/1,0:30:50,82.0,796.0,6808.0,182.2701416,75.66433716,16.84,16.4,-0.641234636,6.965,-0.61,2.85,5.54,8.39,4.95,5.56,9.0,19.4,30.59 N,123.18 E,371.726383866386
2022/1/1,0:31:02,82.0,797.0,6816.0,182.7400818,75.94856262,16.84,16.4,-0.641234636,6.66,0.0,3.56,4.88,8.44,5.33,5.33,14.0,23.0,30.59 N,123.18 E,513.2864392000022
2022/1/1,0:31:12,82.0,804.0,6896.0,181.0884399,76.14547729,16.84,16.4,-0.641234636,6.63,-0.92,3.76,4.75,8.51,4.79,5.71,14.0,22.1,30.59 N,123.18 E,473.90213567045953
2022/1/1,0:31:23,82.0,798.0,6880.0,180.8716125,75.87784576,16.84,16.4,-0.641234636,6.685,-0.66,3.63,4.87,8.5,5.16,5.82,12.0,22.9,30.59 N,123.18 E,512.950383300815
2022/1/1,0:31:33,82.0,801.0,6890.0,184.2987671,76.50646973,16.84,16.4,-1.883718967,6.705,-0.16,3.55,4.72,8.5,4.95,5.64,15.0,21.5,30.59 N,123.18 E,446.4992132021217
2022/1/1,0:31:45,82.0,784.0,6712.0,185.9118347,75.62667847,16.646,16.5,-2.5049612519999997,6.715,-0.56,3.25,5.09,8.34,5.07,5.63,14.0,20.8,31.02 N,123.18 E,419.7887430160472
2022/1/1,0:31:55,82.0,797.0,6841.0,182.1729126,75.52999115,16.671,16.5,-1.254900694,6.73,-0.13,3.42,5.02,8.44,5.17,5.3,18.0,21.2,31.02 N,123.18 E,427.4428406836939
2022/1/1,0:32:05,82.0,784.0,6689.0,185.8137665,75.32777405,16.679000000000002,16.5,-1.254900694,6.945,-1.0,2.97,5.46,8.43,5.09,6.09,11.0,20.7,31.02 N,123.18 E,420.6174318354895
2022/1/1,0:32:17,81.0,787.0,6782.0,181.6313934,74.65600586,16.679000000000002,16.5,-2.5049612519999997,6.795,-0.2,3.15,5.22,8.37,5.19,5.39,16.0,20.1,31.02 N,123.18 E,388.35933777604026
2022/1/1,0:32:27,82.0,782.0,6694.0,183.706604,74.52921295,16.632,16.5,-1.254900694,6.415,-0.13,4.41,4.21,8.62,5.24,5.37,14.0,19.8,31.02 N,123.18 E,380.3947365292417
2022/1/1,0:32:38,81.0,786.0,6745.0,183.9829254,75.66858673,16.615,16.4,-1.883718967,6.705,-0.32,3.23,5.09,8.32,5.2,5.52,15.0,20.3,31.02 N,123.18 E,398.0483737554622
2022/1/1,0:32:50,82.0,790.0,6785.0,182.1580811,75.36235809,16.615,16.4,-0.641234636,6.675,-0.71,3.43,4.96,8.39,4.83,5.54,18.0,20.1,31.02 N,123.18 E,384.236343148405
2022/1/1,0:33:00,82.0,777.0,6630.0,186.1825409,75.2677002,16.615,16.4,-0.641234636,7.095,-0.92,2.61,5.79,8.4,4.76,5.68,23.0,21.7,31.02 N,123.18 E,433.4565304422196
2022/1/1,0:33:10,82.0,784.0,6674.0,186.6707153,75.96587372,16.615,16.4,-0.641234636,6.67,-0.95,3.58,4.88,8.46,5.07,6.02,33.0,23.4,31.02 N,123.18 E,459.2224561841964
2022/1/1,0:33:20,81.0,789.0,6758.0,183.7309418,75.71059418,16.615,16.4,-1.883718967,6.78,-0.35,3.42,5.07,8.49,4.98,5.33,28.0,23.0,31.02 N,123.18 E,467.07927662237233
2022/1/1,0:33:32,82.0,794.0,6797.0,185.0946198,76.71269226,16.615,16.4,-0.641234636,6.675,-0.25,3.65,4.85,8.5,5.28,5.53,28.0,21.9,31.02 N,123.18 E,423.47049501106994
2022/1/1,0:33:42,81.0,803.0,6930.0,180.6194763,76.32274628,16.615,16.4,-1.883718967,6.835,-0.74,3.09,5.29,8.38,4.96,5.7,32.0,20.8,31.02 N,123.18 E,366.8995283211162
2022/1/1,0:33:53,81.0,795.0,6874.0,180.7235107,75.74960327,16.615,16.4,-1.883718967,6.71,-0.36,3.46,4.98,8.44,5.08,5.44,26.0,20.4,31.02 N,123.18 E,374.0421303078613
2022/1/1,0:34:05,81.0,780.0,6666.0,187.1051178,75.59046173,16.627,16.5,-2.5049612519999997,6.64,-0.51,3.5,4.89,8.39,4.98,5.49,33.0,21.4,31.02 N,123.17 E,384.0775732962864
2022/1/1,0:34:15,82.0,790.0,6779.0,183.9852753,75.59007263,16.68,16.5,-1.254900694,6.53,0.05,3.86,4.6,8.46,5.21,5.16,25.0,20.9,31.02 N,123.17 E,395.88430445547897
2022/1/1,0:34:25,82.0,788.0,6719.0,185.3998413,75.49706268,16.660999999999998,16.5,-2.5049612519999997,6.595,-0.16,3.73,4.73,8.46,5.16,5.32,22.0,21.7,31.02 N,123.17 E,436.6016052769545
2022/1/1,0:34:37,82.0,782.0,6708.0,185.22142030000003,75.30092621,16.660999999999998,16.5,-2.5049612519999997,6.58,-0.35,3.7,4.69,8.47,4.97,5.27,21.0,21.6,31.02 N,123.17 E,435.5712837865345
2022/1/1,0:34:47,82.0,786.0,6739.0,183.1164093,74.78918457,16.660999999999998,16.5,-1.254900694,6.775,-0.47,3.53,5.01,8.54,5.02,5.49,23.0,20.3,31.02 N,123.17 E,379.3308450592162
2022/1/1,0:34:57,81.0,778.0,6699.0,181.24243159999995,73.58442688,16.660999999999998,16.5,-2.5049612519999997,6.385,0.16,4.09,4.34,8.43,5.16,5.0,29.0,19.3,31.02 N,123.17 E,325.7870947123535
2022/1/1,0:35:09,81.0,786.0,6727.0,184.4236603,75.18896484,16.660999999999998,16.5,-1.254900694,6.635,-1.03,3.59,5.03,8.46,5.34,5.82,23.0,19.7,31.02 N,123.17 E,357.23872857635763
2022/1/1,0:35:19,81.0,788.0,6730.0,183.8664246,74.99521637,16.660999999999998,16.5,-2.5049612519999997,6.685,0.16,3.27,5.05,8.32,5.24,5.08,23.0,23.0,31.02 N,123.17 E,486.94706747634103
2022/1/1,0:35:30,82.0,774.0,6645.0,185.2342834,74.59889984,16.660999999999998,16.5,-1.254900694,6.755,-0.91,3.33,5.09,8.42,4.69,5.6,30.0,23.0,31.02 N,123.17 E,458.12743860196815
2022/1/1,0:35:40,82.0,778.0,6678.0,183.8848572,74.42321777,16.660999999999998,16.5,-1.254900694,6.665,-0.09,3.73,4.8,8.53,5.24,5.33,28.0,21.8,31.02 N,123.17 E,419.6120140302765
